{"cameraMode":{"drawMode":0,"name":"Shaded","section":"Shading Mode"},"sceneLighting":true,"audioPlay":false,"sceneViewState":{"m_AlwaysRefresh":false,"showFog":true,"showSkybox":true,"showFlares":true,"showImageEffects":true,"showParticleSystems":true,"showVisualEffectGraphs":true,"m_FxEnabled":true},"in2DMode":false,"pivot":{"x":345.28424072265627,"y":80.40375518798828,"z":283.2559814453125},"rotation":{"x":0.4517863094806671,"y":-0.010132447816431523,"z":-0.0017201320733875037,"w":0.8927859663963318},"size":61.11309814453125,"orthographic":false}