{"cameraMode":{"drawMode":0,"name":"Shaded","section":"Shading Mode"},"sceneLighting":true,"audioPlay":false,"sceneViewState":{"m_AlwaysRefresh":false,"showFog":true,"showSkybox":true,"showFlares":true,"showImageEffects":true,"showParticleSystems":true,"showVisualEffectGraphs":true,"m_FxEnabled":true},"in2DMode":false,"pivot":{"x":30.81270408630371,"y":35.67557907104492,"z":132.3373260498047},"rotation":{"x":0.04445755481719971,"y":-0.09846004843711853,"z":-0.004414774477481842,"w":-0.9941475987434387},"size":115.61798858642578,"orthographic":false}