{"cameraMode":{"drawMode":0,"name":"Shaded","section":"Shading Mode"},"sceneLighting":true,"audioPlay":false,"sceneViewState":{"m_AlwaysRefresh":false,"showFog":true,"showSkybox":true,"showFlares":true,"showImageEffects":true,"showParticleSystems":true,"showVisualEffectGraphs":true,"m_FxEnabled":true},"in2DMode":false,"pivot":{"x":96.02355194091797,"y":19.586782455444337,"z":313.1278076171875},"rotation":{"x":0.26718389987945559,"y":-0.38468778133392336,"z":0.11474885046482086,"w":0.8764137029647827},"size":0.3343682289123535,"orthographic":false}