{"cameraMode":{"drawMode":0,"name":"Shaded","section":"Shading Mode"},"sceneLighting":true,"audioPlay":false,"sceneViewState":{"m_AlwaysRefresh":false,"showFog":true,"showSkybox":true,"showFlares":true,"showImageEffects":true,"showParticleSystems":true,"showVisualEffectGraphs":true,"m_FxEnabled":true},"in2DMode":false,"pivot":{"x":954.5943603515625,"y":386.5083923339844,"z":-108.00604248046875},"rotation":{"x":-0.015303771942853928,"y":-0.0267124455422163,"z":0.00039771603769622743,"w":-0.9995356202125549},"size":453.1683044433594,"orthographic":false}