{"cameraMode":{"drawMode":0,"name":"Shaded","section":"Shading Mode"},"sceneLighting":true,"audioPlay":false,"sceneViewState":{"m_AlwaysRefresh":false,"showFog":true,"showSkybox":true,"showFlares":true,"showImageEffects":true,"showParticleSystems":true,"showVisualEffectGraphs":true,"m_FxEnabled":true},"in2DMode":false,"pivot":{"x":-13.605364799499512,"y":0.16645574569702149,"z":-3.2276129722595217},"rotation":{"x":0.06825734674930573,"y":-0.6259161233901978,"z":0.054291803389787677,"w":0.7751846313476563},"size":9.269336700439454,"orthographic":false}