{"cameraMode":{"drawMode":0,"name":"Shaded","section":"Shading Mode"},"sceneLighting":true,"audioPlay":false,"sceneViewState":{"m_AlwaysRefresh":false,"showFog":true,"showSkybox":true,"showFlares":true,"showImageEffects":true,"showParticleSystems":true,"showVisualEffectGraphs":true,"m_FxEnabled":true},"in2DMode":false,"pivot":{"x":202.28466796875,"y":20.251502990722658,"z":44.19065856933594},"rotation":{"x":0.005646019242703915,"y":-0.9995534420013428,"z":0.04401538148522377,"w":-0.014162266626954079},"size":95.46344757080078,"orthographic":false}