{"cameraMode":{"drawMode":0,"name":"Shaded","section":"Shading Mode"},"sceneLighting":true,"audioPlay":false,"sceneViewState":{"m_AlwaysRefresh":false,"showFog":true,"showSkybox":true,"showFlares":true,"showImageEffects":true,"showParticleSystems":true,"showVisualEffectGraphs":true,"m_FxEnabled":true},"in2DMode":false,"pivot":{"x":-28.679216384887697,"y":74.19330596923828,"z":126.94369506835938},"rotation":{"x":0.18858186900615693,"y":0.5932637453079224,"z":-0.14838741719722749,"w":0.7689911723136902},"size":0.3343682289123535,"orthographic":false}