{"cameraMode":{"drawMode":0,"name":"Shaded","section":"Shading Mode"},"sceneLighting":true,"audioPlay":false,"sceneViewState":{"m_AlwaysRefresh":false,"showFog":true,"showSkybox":true,"showFlares":true,"showImageEffects":true,"showParticleSystems":true,"showVisualEffectGraphs":true,"m_FxEnabled":true},"in2DMode":false,"pivot":{"x":353.68060302734377,"y":7.69334602355957,"z":309.4166259765625},"rotation":{"x":0.045184604823589328,"y":-0.9595383405685425,"z":0.22956067323684693,"w":0.16072431206703187},"size":0.6645839810371399,"orthographic":false}