{"cameraMode":{"drawMode":0,"name":"Shaded","section":"Shading Mode"},"sceneLighting":true,"audioPlay":false,"sceneViewState":{"m_AlwaysRefresh":false,"showFog":true,"showSkybox":true,"showFlares":true,"showImageEffects":true,"showParticleSystems":true,"showVisualEffectGraphs":true,"m_FxEnabled":true},"in2DMode":false,"pivot":{"x":250.42184448242188,"y":26.350738525390626,"z":299.36260986328127},"rotation":{"x":0.11086615920066834,"y":-0.8520087003707886,"z":0.19902092218399049,"w":0.47157251834869387},"size":0.4294586479663849,"orthographic":false}