{"cameraMode":{"drawMode":0,"name":"Shaded","section":"Shading Mode"},"sceneLighting":true,"audioPlay":false,"sceneViewState":{"m_AlwaysRefresh":false,"showFog":true,"showSkybox":true,"showFlares":true,"showImageEffects":true,"showParticleSystems":true,"showVisualEffectGraphs":true,"m_FxEnabled":true},"in2DMode":false,"pivot":{"x":109.83480834960938,"y":24.24904441833496,"z":162.20213317871095},"rotation":{"x":-0.2984069883823395,"y":-0.13797973096370698,"z":0.046723805367946628,"w":-0.9436529278755188},"size":0.3343682289123535,"orthographic":false}